game,metric,mean_3P,mean_5P,mean_diff,t_statistic,p_value,sig,n_models
athey_bagwell,win_rate,0.8846,0.9323,-0.0477,-2.9625,0.011865963346787975,*,13
green_porter,win_rate,0.9738,0.9738,0.0,0.0,0.9999999999999971,,13
salop,win_rate,0.2308,0.2692,-0.0385,-1.3284,0.20874929940686046,,13
spulber,win_rate,0.5208,0.4177,0.1031,1.5393,0.1496624326087213,,13
