game,cosine_similarity,pearson_r,p_value,sig,n_models,n_metrics
salop,0.9744,0.9439,2.172858542438467e-19,***,13,3
spulber,0.9929,0.9623,6.037077246888946e-30,***,13,4
green_porter,0.9816,0.8918,9.703570736876455e-10,***,13,2
athey_bagwell,0.9961,0.9776,1.570162701680649e-35,***,13,4
